"Sequence #","Sequence length","Σ classifier distance P","length of longest PS IDR","first residue of longest PS IDR","last residue of longest PS IDR","Σ classifier distance D","length of longest non-PS IDR","first residue of longest non-PS IDR","last residue of longest non-PS IDR","Σ classifier distance F","length of longest F-labeled region","first residue of longest F-labeled region","last residue of longest F-labeled region","UniProtKB accession ID","Gene","Protein"
"42","238","1133.6","201","22","222","0.0","0","0","0","35.0","29","209","237","A0A8H5MD99","A0A8H5MD99_9AGAR",""
"7","194","665.7","116","20","135","0.0","0","0","0","77.2","66","128","193","A0A0D0C548","A0A0D0C548_9AGAR",""
"78","176","415.4","97","26","122","0.0","0","0","0","75.0","61","115","175","A0A2G5HAF4","A0A2G5HAF4_CERBT",""
"8","162","407.3","80","20","99","0.0","0","0","0","74.1","69","93","161","A0A0D0CDA3","A0A0D0CDA3_9AGAR",""
"136","143","323.5","69","17","85","0.0","0","0","0","45.7","63","80","142","F9XMQ8","F9XMQ8_ZYMTI",""
"64","227","307.1","76","91","166","3.2","0","0","0","40.3","23","204","226","N1PH52","N1PH52_DOTSN",""
"98","148","290.5","60","29","88","2.4","0","0","0","57.5","30","84","113","A0A7D5AKE8","A0A7D5AKE8_9HYPO",""
"99","148","270.8","60","29","88","2.1","0","0","0","64.1","32","84","115","A0A7D5AU90","A0A7D5AU90_9HYPO",""
"33","156","264.8","74","29","102","2.1","0","0","0","50.5","54","102","155","A0A4R0RLA3","A0A4R0RLA3_9APHY",""
"2","146","233.5","60","21","80","0.0","0","0","0","94.5","70","76","145","A0A0C2EW62","A0A0C2EW62_9PEZI",""
"97","138","218.8","50","29","78","0.7","0","0","0","67.9","30","75","104","A0A5P8PBG9","A0A5P8PBG9_9HYPO",""
"40","157","217.9","52","27","78","0.0","0","0","0","75.0","61","96","156","A0A8H5HZH8","A0A8H5HZH8_9AGAR",""
"44","225","204.4","61","22","82","8.8","0","0","0","58.9","55","106","160","A0A9P4Y6D6","A0A9P4Y6D6_CRYPA",""
"16","181","188.6","86","28","113","0.0","0","0","0","81.7","72","109","180","A0A165SB06","A0A165SB06_9AGAM",""
"112","187","186.8","85","32","116","0.2","0","0","0","91.1","52","111","162","A0A8K0XK66","A0A8K0XK66_9AGAR",""
"13","179","183.2","94","23","116","0.0","0","0","0","85.8","70","109","178","A0A0W0FD42","A0A0W0FD42_MONRR",""
"69","179","183.2","94","23","116","0.0","0","0","0","85.8","70","109","178","V2X426","V2X426_MONRO",""
"9","175","180.2","32","32","63","0.0","0","0","0","117.2","71","104","174","A0A0D2NF10","A0A0D2NF10_HYPSF",""
"106","163","171.7","50","20","69","1.0","0","0","0","51.5","55","108","162","A0A8H4QKS9","A0A8H4QKS9_9AGAR",""
"63","214","161.3","71","81","151","8.4","0","0","0","134.2","68","146","213","J4H3V5","J4H3V5_9APHY",""
"62","196","158.9","54","27","80","0.4","0","0","0","86.6","74","122","195","G4TML3","G4TML3_SERID",""
"29","158","140.3","54","22","75","0.0","0","0","0","61.9","55","103","157","A0A3N4KVN0","A0A3N4KVN0_9PEZI",""
"10","249","135.6","45","113","157","19.1","22","155","176","133.3","73","176","248","A0A0F4YG29","A0A0F4YG29_TALEM",""
"116","155","134.1","30","56","85","0.0","0","0","0","110.9","71","84","154","A0A9P5Z096","A0A9P5Z096_9AGAR",""
"28","236","134.0","34","25","58","52.0","0","0","0","90.7","46","97","142","A0A395H201","A0A395H201_9EURO",""
"66","175","133.0","51","21","71","8.3","0","0","0","62.7","58","117","174","Q0CIJ2","Q0CIJ2_ASPTN",""
"96","173","132.2","50","20","69","8.3","0","0","0","60.0","58","115","172","A0A5M3Z630","A0A5M3Z630_ASPTE",""
"73","214","131.4","50","79","128","0.0","0","0","0","131.0","87","127","213","A0A0K6GHI2","A0A0K6GHI2_9AGAM",""
"1","200","127.6","59","72","130","49.8","25","48","72","42.0","27","173","199","A0A067SDJ9","A0A067SDJ9_GALM3",""
"108","176","125.5","41","27","67","0.0","0","0","0","107.8","71","105","175","A0A8H5F0B7","A0A8H5F0B7_9AGAR",""
"130","180","124.6","33","77","109","0.0","0","0","0","138.8","72","108","179","A0AAD5YWI2","A0AAD5YWI2_9AGAR",""
"93","145","119.4","65","27","91","9.1","22","1","22","49.8","49","96","144","A0A5C3N3C0","A0A5C3N3C0_9AGAM",""
"70","232","119.1","82","41","122","23.7","30","117","146","73.7","69","163","231","W4JT48","W4JT48_HETIT",""
"11","183","116.7","47","23","69","53.0","33","68","100","84.5","69","114","182","A0A0H2SDR2","A0A0H2SDR2_9AGAM",""
"12","235","112.4","35","150","184","32.8","0","0","0","82.5","84","72","155","A0A0U5GNN7","A0A0U5GNN7_ASPCI",""
"58","206","110.9","29","140","168","10.3","0","0","0","120.2","53","91","143","A0AAD5YR10","A0AAD5YR10_9AGAR",""
"3","234","100.7","39","131","169","18.5","0","0","0","65.9","67","167","233","A0A0C2SS39","A0A0C2SS39_AMAMK",""
"39","188","99.6","46","98","143","0.0","0","0","0","166.8","69","1","69","A0A8H5FSA3","A0A8H5FSA3_9AGAR",""
"103","218","95.5","31","23","53","6.0","0","0","0","112.1","75","143","217","A0A8H3CAA9","A0A8H3CAA9_9AGAM",""
"46","173","93.1","30","74","103","0.0","0","0","0","166.3","71","102","172","A0A9P5YZS9","A0A9P5YZS9_9AGAR",""
"51","171","90.5","43","22","64","21.8","40","62","101","67.5","35","107","141","A0A9P8KYJ7","A0A9P8KYJ7_9HYPO",""
"60","187","90.3","30","80","109","3.4","0","0","0","227.8","70","117","186","D8Q768","D8Q768_SCHCM",""
"20","223","86.2","30","193","222","31.6","0","0","0","89.8","46","89","134","A0A1R3RIL6","A0A1R3RIL6_ASPC5",""
"47","158","84.7","69","25","93","0.0","0","0","0","100.6","68","90","157","A0A9P6E978","A0A9P6E978_9AGAR",""
"54","157","83.5","36","51","86","0.0","0","0","0","201.7","71","86","156","A0AA39QHG0","A0AA39QHG0_9AGAR",""
"15","173","83.3","35","76","110","3.5","0","0","0","140.7","64","17","80","A0A165NY92","A0A165NY92_9APHY",""
"117","179","81.3","34","75","108","0.0","0","0","0","141.3","72","107","178","A0A9P6C2G2","A0A9P6C2G2_9AGAR",""
"49","155","79.7","65","25","89","0.0","0","0","0","91.0","68","87","154","A0A9P6E9F9","A0A9P6E9F9_9AGAR",""
"19","174","70.6","61","46","106","1.6","0","0","0","89.5","50","124","173","A0A1M2VN03","A0A1M2VN03_TRAPU",""
"124","243","67.9","0","0","0","0.0","0","0","0","189.9","111","43","153","A0AA39JIE7","A0AA39JIE7_ARMTA",""
"18","176","67.3","23","94","116","0.0","0","0","0","170.6","93","1","93","A0A1L7THC5","A0A1L7THC5_FUSMA",""
"115","185","65.1","0","0","0","0.0","0","0","0","173.9","72","113","184","A0A8S0XPJ5","A0A8S0XPJ5_CYCAE",""
"31","199","64.9","30","100","129","15.0","0","0","0","70.5","71","128","198","A0A4P9X324","A0A4P9X324_9FUNG",""
"48","156","64.8","64","26","89","0.0","0","0","0","112.3","68","88","155","A0A9P6E998","A0A9P6E998_9AGAR",""
"121","225","61.2","0","0","0","0.0","0","0","0","211.2","97","42","138","A0A9W8N0X7","A0A9W8N0X7_9AGAR",""
"94","234","60.8","42","32","73","99.4","32","107","138","79.9","82","152","233","A0A5E3WQC8","A0A5E3WQC8_9AGAM",""
"30","173","60.3","22","74","95","28.0","27","23","49","101.2","77","96","172","A0A409X9U2","A0A409X9U2_PSICY",""
"75","180","58.8","31","76","106","0.0","0","0","0","174.8","79","1","79","A0A137QVQ9","A0A137QVQ9_9AGAR",""
"52","176","57.7","23","94","116","0.8","0","0","0","163.6","81","1","81","A0A9Q9R8P4","A0A9Q9R8P4_GIBFU",""
"68","176","57.7","23","94","116","0.8","0","0","0","163.0","81","1","81","S0DQB3","S0DQB3_GIBF5",""
"105","213","56.0","0","0","0","1.0","0","0","0","120.5","74","139","212","A0A8H3GSJ0","A0A8H3GSJ0_9AGAM",""
"101","218","54.5","0","0","0","2.4","0","0","0","112.8","75","143","217","A0A8H2WMS4","A0A8H2WMS4_9AGAM",""
"4","173","53.0","20","45","64","11.6","0","0","0","102.1","79","94","172","A0A0C2XKC5","A0A0C2XKC5_SERVB",""
"134","242","52.5","31","70","100","17.9","0","0","0","144.2","69","173","241","A0AAD7X4P7","A0AAD7X4P7_9APHY",""
"138","218","52.2","0","0","0","2.5","0","0","0","114.3","75","143","217","M5BU78","M5BU78_THACB",""
"27","155","51.3","42","46","87","1.0","0","0","0","89.2","70","85","154","A0A316Z0U7","A0A316Z0U7_9BASI",""
"76","225","51.0","23","25","47","78.2","26","101","126","72.8","82","143","224","A0A166F6P8","A0A166F6P8_9AGAM",""
"114","173","49.3","33","30","62","0.9","0","0","0","142.5","79","94","172","A0A8S0WFB7","A0A8S0WFB7_CYCAE",""
"120","174","47.3","34","30","63","0.9","0","0","0","149.8","80","94","173","A0A9W8N0S2","A0A9W8N0S2_9AGAR",""
"59","185","44.3","33","80","112","23.1","0","0","0","113.4","73","112","184","D8PLD0","D8PLD0_SCHCM",""
"65","185","44.3","33","80","112","23.1","0","0","0","113.4","73","112","184","O74300","SC6_SCHCO",""
"111","204","44.3","25","1","25","2.0","0","0","0","99.0","75","129","203","A0A8H8NNI8","A0A8H8NNI8_9AGAM",""
"86","167","44.2","0","0","0","1.0","0","0","0","95.8","40","49","88","A0A401GU04","A0A401GU04_9APHY",""
"104","172","43.5","21","71","91","0.0","0","0","0","160.3","81","91","171","A0A8H3EEN7","A0A8H3EEN7_9AGAM",""
"123","176","43.3","27","78","104","0.0","0","0","0","161.4","84","1","84","A0AA39J370","A0AA39J370_9AGAR",""
"56","217","43.2","0","0","0","106.6","69","71","139","78.9","69","148","216","A0AAD4LKX9","A0AAD4LKX9_9AGAM",""
"53","182","42.1","24","80","103","205.9","86","1","86","84.9","79","103","181","A0AA39MDX0","A0AA39MDX0_9AGAR",""
"118","185","41.7","0","0","0","0.0","0","0","0","189.1","110","1","110","A0A9P7KWI2","A0A9P7KWI2_9HYPO",""
"109","153","41.5","22","62","83","5.6","0","0","0","110.7","70","83","152","A0A8H5F853","A0A8H5F853_9AGAR",""
"125","158","41.5","0","0","0","0.0","0","0","0","151.1","68","90","157","A0AA39MFN3","A0AA39MFN3_9AGAR",""
"23","158","41.3","0","0","0","0.0","0","0","0","148.9","68","90","157","A0A284SBE9","A0A284SBE9_ARMOS",""
"129","157","40.3","0","0","0","0.0","0","0","0","148.7","67","90","156","A0AA39PT22","A0AA39PT22_9AGAR",""
"67","175","40.2","26","88","113","54.9","36","54","89","97.4","62","113","174","R7S187","R7S187_PUNST",""
"22","163","39.3","0","0","0","0.0","0","0","0","157.1","73","1","73","A0A284SBE2","A0A284SBE2_ARMOS",""
"21","168","37.4","0","0","0","0.0","0","0","0","152.9","80","1","80","A0A284S0E6","A0A284S0E6_ARMOS",""
"80","171","37.4","0","0","0","0.0","0","0","0","155.8","83","1","83","A0A2H3ASU1","A0A2H3ASU1_9AGAR",""
"122","160","35.8","20","73","92","21.1","25","49","73","131.4","68","92","159","A0A9W9ATQ1","A0A9W9ATQ1_9AGAR",""
"43","199","34.3","43","1","43","5.0","0","0","0","146.5","120","79","198","A0A8I2YKL8","A0A8I2YKL8_9AGAM",""
"90","119","34.1","0","0","0","0.0","0","0","0","77.5","66","53","118","A0A4Y7SH30","A0A4Y7SH30_COPMI",""
"127","159","34.1","0","0","0","0.0","0","0","0","154.1","71","88","158","A0AA39MHX1","A0AA39MHX1_9AGAR",""
"79","159","33.7","0","0","0","0.0","0","0","0","144.2","71","88","158","A0A2H3AST0","A0A2H3AST0_9AGAR",""
"100","220","33.1","0","0","0","2.9","0","0","0","130.8","91","129","219","A0A8H2WG40","A0A8H2WG40_9AGAM",""
"26","186","32.8","0","0","0","0.0","0","0","0","161.9","105","1","105","A0A2H3CRN5","A0A2H3CRN5_ARMGA",""
"87","213","32.6","20","118","137","4.8","0","0","0","240.8","76","137","212","A0A409WBU2","A0A409WBU2_9AGAR",""
"110","163","32.4","0","0","0","27.5","20","53","72","134.2","74","89","162","A0A8H5HJ20","A0A8H5HJ20_9AGAR",""
"132","91","32.4","0","0","0","0.0","0","0","0","71.6","69","1","69","A0AAD6Z265","A0AAD6Z265_9AGAR",""
"38","181","32.0","0","0","0","4.8","0","0","0","210.9","105","1","105","A0A8H4MFK6","A0A8H4MFK6_9EURO",""
"6","202","31.5","0","0","0","89.8","49","65","113","85.1","57","145","201","A0A0C9W5V3","A0A0C9W5V3_SPHS4",""
"25","171","30.1","0","0","0","0.0","0","0","0","146.7","89","1","89","A0A2H3CM01","A0A2H3CM01_ARMGA",""
"126","158","30.0","22","65","86","0.3","0","0","0","164.4","69","1","69","A0AA39MG27","A0AA39MG27_9AGAR",""
"83","163","29.9","0","0","0","12.5","0","0","0","95.7","70","93","162","A0A316VAT0","A0A316VAT0_9BASI",""
"50","181","29.4","0","0","0","20.4","24","67","90","216.0","73","108","180","A0A9P8AXH7","A0A9P8AXH7_9AGAR",""
"34","227","28.7","0","0","0","263.0","107","41","147","49.1","54","139","192","A0A4S4LV58","A0A4S4LV58_9AGAM",""
"102","172","28.4","0","0","0","2.0","0","0","0","94.7","75","97","171","A0A8H3ANE1","A0A8H3ANE1_9AGAM",""
"84","157","28.1","0","0","0","0.0","0","0","0","134.9","79","1","79","A0A369JRG4","A0A369JRG4_HYPMA",""
"133","149","28.1","0","0","0","0.0","0","0","0","155.6","76","1","76","A0AAD7DI93","A0AAD7DI93_MYCRO",""
"37","156","27.8","23","63","85","37.9","0","0","0","153.3","71","85","155","A0A5M3N543","A0A5M3N543_CONPW",""
"137","150","27.8","0","0","0","5.0","0","0","0","92.9","71","1","71","K5VYC8","K5VYC8_PHACS",""
"128","245","27.7","0","0","0","17.4","0","0","0","222.7","77","1","77","A0AA39NST8","A0AA39NST8_9AGAR",""
"71","219","27.1","0","0","0","0.0","0","0","0","189.2","71","148","218","W4KGP9","W4KGP9_HETIT",""
"72","156","25.9","0","0","0","0.0","0","0","0","160.7","75","81","155","A0A0H2RCN5","A0A0H2RCN5_9AGAM",""
"85","123","25.1","0","0","0","0.0","0","0","0","71.4","62","1","62","A0A3M2TGY8","A0A3M2TGY8_9EURO",""
"131","142","24.9","0","0","0","39.9","0","0","0","87.5","45","74","118","A0AAD6SDH4","A0AAD6SDH4_9AGAR",""
"107","184","23.3","0","0","0","0.0","0","0","0","160.8","106","78","183","A0A8H5BJC3","A0A8H5BJC3_9AGAR",""
"41","177","22.1","34","1","34","0.1","0","0","0","229.3","143","34","176","A0A8H5LRI0","A0A8H5LRI0_9AGAR",""
"113","158","20.5","0","0","0","0.0","0","0","0","123.0","80","1","80","A0A8S0VRF0","A0A8S0VRF0_CYCAE",""
"32","207","18.9","0","0","0","183.8","102","23","124","114.0","66","132","197","A0A4P9X8A1","A0A4P9X8A1_9FUNG",""
"45","216","17.3","0","0","0","97.9","120","21","140","54.5","47","150","196","A0A9P5PEB9","A0A9P5PEB9_9AGAR",""
"24","176","16.8","0","0","0","0.0","0","0","0","166.7","175","1","175","A0A2H3CLV3","A0A2H3CLV3_ARMGA",""
"82","184","15.4","0","0","0","6.3","0","0","0","154.3","92","92","183","A0A2R6NS81","A0A2R6NS81_9APHY",""
"77","159","13.5","0","0","0","0.0","0","0","0","157.9","84","1","84","A0A284S0F8","A0A284S0F8_ARMOS",""
"135","188","13.2","0","0","0","6.1","0","0","0","176.2","135","53","187","A8NVT0","A8NVT0_COPC7",""
"17","235","10.9","20","1","20","90.4","37","61","97","143.5","73","162","234","A0A1C7MKD9","A0A1C7MKD9_GRIFR",""
"92","159","10.7","0","0","0","7.1","0","0","0","76.9","59","1","59","A0A5C2S0C7","A0A5C2S0C7_9APHY",""
"61","231","10.3","0","0","0","89.6","46","113","158","149.1","71","160","230","G4T531","G4T531_SERID",""
"74","182","10.0","0","0","0","0.0","0","0","0","233.4","96","86","181","A0A0W0GEQ8","A0A0W0GEQ8_MONRR",""
"55","160","8.4","0","0","0","66.2","35","37","71","91.6","78","82","159","A0AAD4HKV4","A0AAD4HKV4_9AGAM",""
"88","227","8.0","0","0","0","0.0","0","0","0","294.6","226","1","226","A0A4V3XGG2","A0A4V3XGG2_9AGAM",""
"89","245","5.0","0","0","0","0.0","0","0","0","214.3","244","1","244","A0A4Y7SGG8","A0A4Y7SGG8_COPMI",""
"81","242","4.0","0","0","0","185.4","77","165","241","140.6","75","90","164","A0A2P2HCE6","A0A2P2HCE6_ASPFA",""
"95","209","3.4","0","0","0","72.0","27","20","46","91.1","111","98","208","A0A5E3WUH3","A0A5E3WUH3_9AGAM",""
"5","159","2.4","0","0","0","9.1","0","0","0","208.0","92","67","158","A0A0C3PUW2","A0A0C3PUW2_PHLG1",""
"36","241","2.1","0","0","0","250.4","69","71","139","86.7","99","142","240","A0A5E3X438","A0A5E3X438_9AGAM",""
"57","122","1.9","0","0","0","9.5","0","0","0","140.1","61","1","61","A0AAD4LT59","A0AAD4LT59_9AGAM",""
"14","243","1.4","0","0","0","31.7","22","80","101","317.4","141","102","242","A0A137QWX9","A0A137QWX9_9AGAR",""
"35","111","0.0","0","0","0","0.0","0","0","0","110.3","110","1","110","A0A4T0P7F5","A0A4T0P7F5_9BASI",""
"91","180","0.0","0","0","0","0.0","0","0","0","197.1","179","1","179","A0A4Y7SN80","A0A4Y7SN80_COPMI",""
"119","148","0.0","0","0","0","9.2","22","1","22","149.3","125","23","147","A0A9W8MT54","A0A9W8MT54_9AGAR",""